EMRG-1712 GSARTL,,,,,,
#,SAR GROUP,NAME,STUDENT #,EMAIL ADDRESS,PHONE NUMBER,STATUS
1,Campbell River,Tim Horton,1,tim.horton@crsar.ca,555-555-5555,Registered 
2,,,,,,Registered 
3,,,,,,Registered 
4,,,,,,Registered 
5,,,,,,Registered 
6,,,,,,Registered 
7,,,,,,Registered 
8,,,,,,Registered 
9,,,,,,Registered 
10,,,,,,Registered 
11,,,,,,Registered 
12,,,,,,Registered 
13,,,,,,Registered 
14,,,,,,Registered 
15,,,,,,Registered 
16,,,,,,Registered 
17,,,,,,Registered 
18,,,,,,Registered 
19,,,,,,Registered 
20,,,,,,Registered
